{
  "districts": [
    {"code": "DHK01", "name": "Dhaka", "native_name": "ঢাকা", "division": "DHK", "shipping_zone": "metro", "latitude": 23.8103, "longitude": 90.4125},
    {"code": "DHK02", "name": "Faridpur", "native_name": "ফরিদপুর", "division": "DHK", "shipping_zone": "suburban", "latitude": 23.6070, "longitude": 89.8429},
    {"code": "DHK03", "name": "Gazipur", "native_name": "গাজীপুর", "division": "DHK", "shipping_zone": "metro", "latitude": 24.0023, "longitude": 90.4206},
    {"code": "DHK04", "name": "Gopalganj", "native_name": "গোপালগঞ্জ", "division": "DHK", "shipping_zone": "suburban", "latitude": 23.0050, "longitude": 89.8266},
    {"code": "DHK05", "name": "Kishoreganj", "native_name": "কিশোরগঞ্জ", "division": "DHK", "shipping_zone": "suburban", "latitude": 24.4449, "longitude": 90.7766},
    {"code": "DHK06", "name": "Madaripur", "native_name": "মাদারীপুর", "division": "DHK", "shipping_zone": "suburban", "latitude": 23.1641, "longitude": 90.1878},
    {"code": "DHK07", "name": "Manikganj", "native_name": "মানিকগঞ্জ", "division": "DHK", "shipping_zone": "suburban", "latitude": 23.8617, "longitude": 90.0003},
    {"code": "DHK08", "name": "Munshiganj", "native_name": "মুন্সিগঞ্জ", "division": "DHK", "shipping_zone": "suburban", "latitude": 23.5422, "longitude": 90.5305},
    {"code": "DHK09", "name": "Narayanganj", "native_name": "নারায়ণগঞ্জ", "division": "DHK", "shipping_zone": "metro", "latitude": 23.6238, "longitude": 90.5000},
    {"code": "DHK10", "name": "Narsingdi", "native_name": "নরসিংদী", "division": "DHK", "shipping_zone": "suburban", "latitude": 23.9322, "longitude": 90.7151},
    {"code": "DHK11", "name": "Rajbari", "native_name": "রাজবাড়ী", "division": "DHK", "shipping_zone": "suburban", "latitude": 23.7574, "longitude": 89.6445},
    {"code": "DHK12", "name": "Shariatpur", "native_name": "শরীয়তপুর", "division": "DHK", "shipping_zone": "rural", "latitude": 23.2423, "longitude": 90.4348},
    {"code": "DHK13", "name": "Tangail", "native_name": "টাঙ্গাইল", "division": "DHK", "shipping_zone": "suburban", "latitude": 24.2513, "longitude": 89.9167},
    
    {"code": "CTG01", "name": "Chittagong", "native_name": "চট্টগ্রাম", "division": "CTG", "shipping_zone": "metro", "latitude": 22.3569, "longitude": 91.7832},
    {"code": "CTG02", "name": "Bandarban", "native_name": "বান্দরবান", "division": "CTG", "shipping_zone": "rural", "latitude": 22.1953, "longitude": 92.2184},
    {"code": "CTG03", "name": "Brahmanbaria", "native_name": "ব্রাহ্মণবাড়িয়া", "division": "CTG", "shipping_zone": "suburban", "latitude": 23.9571, "longitude": 91.1115},
    {"code": "CTG04", "name": "Chandpur", "native_name": "চাঁদপুর", "division": "CTG", "shipping_zone": "suburban", "latitude": 23.2332, "longitude": 90.6712},
    {"code": "CTG05", "name": "Comilla", "native_name": "কুমিল্লা", "division": "CTG", "shipping_zone": "suburban", "latitude": 23.4607, "longitude": 91.1809},
    {"code": "CTG06", "name": "Cox's Bazar", "native_name": "কক্সবাজার", "division": "CTG", "shipping_zone": "suburban", "latitude": 21.4272, "longitude": 92.0058},
    {"code": "CTG07", "name": "Feni", "native_name": "ফেনী", "division": "CTG", "shipping_zone": "suburban", "latitude": 23.0159, "longitude": 91.3976},
    {"code": "CTG08", "name": "Khagrachhari", "native_name": "খাগড়াছড়ি", "division": "CTG", "shipping_zone": "rural", "latitude": 23.1193, "longitude": 91.9847},
    {"code": "CTG09", "name": "Lakshmipur", "native_name": "লক্ষ্মীপুর", "division": "CTG", "shipping_zone": "suburban", "latitude": 22.9447, "longitude": 90.8282},
    {"code": "CTG10", "name": "Noakhali", "native_name": "নোয়াখালী", "division": "CTG", "shipping_zone": "suburban", "latitude": 22.8696, "longitude": 91.0995},
    {"code": "CTG11", "name": "Rangamati", "native_name": "রাঙ্গামাটি", "division": "CTG", "shipping_zone": "rural", "latitude": 22.6372, "longitude": 92.1988},
    
    {"code": "RAJ01", "name": "Rajshahi", "native_name": "রাজশাহী", "division": "RAJ", "shipping_zone": "metro", "latitude": 24.3745, "longitude": 88.6042},
    {"code": "RAJ02", "name": "Bogra", "native_name": "বগুড়া", "division": "RAJ", "shipping_zone": "suburban", "latitude": 24.8510, "longitude": 89.3697},
    {"code": "RAJ03", "name": "Chapainawabganj", "native_name": "চাঁপাইনবাবগঞ্জ", "division": "RAJ", "shipping_zone": "suburban", "latitude": 24.5965, "longitude": 88.2775},
    {"code": "RAJ04", "name": "Joypurhat", "native_name": "জয়পুরহাট", "division": "RAJ", "shipping_zone": "suburban", "latitude": 25.1010, "longitude": 89.0940},
    {"code": "RAJ05", "name": "Naogaon", "native_name": "নওগাঁ", "division": "RAJ", "shipping_zone": "suburban", "latitude": 24.7936, "longitude": 88.9318},
    {"code": "RAJ06", "name": "Natore", "native_name": "নাটোর", "division": "RAJ", "shipping_zone": "suburban", "latitude": 24.4206, "longitude": 89.0000},
    {"code": "RAJ07", "name": "Nawabganj", "native_name": "নবাবগঞ্জ", "division": "RAJ", "shipping_zone": "suburban", "latitude": 24.5903, "longitude": 88.2775},
    {"code": "RAJ08", "name": "Pabna", "native_name": "পাবনা", "division": "RAJ", "shipping_zone": "suburban", "latitude": 24.0064, "longitude": 89.2372},
    {"code": "RAJ09", "name": "Sirajganj", "native_name": "সিরাজগঞ্জ", "division": "RAJ", "shipping_zone": "suburban", "latitude": 24.4533, "longitude": 89.7006},
    
    {"code": "KHU01", "name": "Khulna", "native_name": "খুলনা", "division": "KHU", "shipping_zone": "metro", "latitude": 22.8456, "longitude": 89.5403},
    {"code": "KHU02", "name": "Bagerhat", "native_name": "বাগেরহাট", "division": "KHU", "shipping_zone": "suburban", "latitude": 22.6512, "longitude": 89.7851},
    {"code": "KHU03", "name": "Chuadanga", "native_name": "চুয়াডাঙ্গা", "division": "KHU", "shipping_zone": "suburban", "latitude": 23.6161, "longitude": 88.8263},
    {"code": "KHU04", "name": "Jessore", "native_name": "যশোর", "division": "KHU", "shipping_zone": "suburban", "latitude": 23.1665, "longitude": 89.2072},
    {"code": "KHU05", "name": "Jhenaidah", "native_name": "ঝিনাইদহ", "division": "KHU", "shipping_zone": "suburban", "latitude": 23.5440, "longitude": 89.1539},
    {"code": "KHU06", "name": "Kushtia", "native_name": "কুষ্টিয়া", "division": "KHU", "shipping_zone": "suburban", "latitude": 23.9013, "longitude": 89.1206},
    {"code": "KHU07", "name": "Magura", "native_name": "মাগুরা", "division": "KHU", "shipping_zone": "suburban", "latitude": 23.4873, "longitude": 89.4196},
    {"code": "KHU08", "name": "Meherpur", "native_name": "মেহেরপুর", "division": "KHU", "shipping_zone": "suburban", "latitude": 23.7622, "longitude": 88.6318},
    {"code": "KHU09", "name": "Narail", "native_name": "নড়াইল", "division": "KHU", "shipping_zone": "suburban", "latitude": 23.1725, "longitude": 89.5126},
    {"code": "KHU10", "name": "Satkhira", "native_name": "সাতক্ষীরা", "division": "KHU", "shipping_zone": "suburban", "latitude": 22.7185, "longitude": 89.0705},
    
    {"code": "BAR01", "name": "Barishal", "native_name": "বরিশাল", "division": "BAR", "shipping_zone": "metro", "latitude": 22.7010, "longitude": 90.3535},
    {"code": "BAR02", "name": "Barguna", "native_name": "বরগুনা", "division": "BAR", "shipping_zone": "rural", "latitude": 22.1530, "longitude": 90.1266},
    {"code": "BAR03", "name": "Bhola", "native_name": "ভোলা", "division": "BAR", "shipping_zone": "rural", "latitude": 22.6859, "longitude": 90.6482},
    {"code": "BAR04", "name": "Jhalokati", "native_name": "ঝালকাঠি", "division": "BAR", "shipping_zone": "rural", "latitude": 22.6406, "longitude": 90.1987},
    {"code": "BAR05", "name": "Patuakhali", "native_name": "পটুয়াখালী", "division": "BAR", "shipping_zone": "rural", "latitude": 22.3596, "longitude": 90.3290},
    {"code": "BAR06", "name": "Pirojpur", "native_name": "পিরোজপুর", "division": "BAR", "shipping_zone": "rural", "latitude": 22.5790, "longitude": 89.9759},
    
    {"code": "SYL01", "name": "Sylhet", "native_name": "সিলেট", "division": "SYL", "shipping_zone": "metro", "latitude": 24.8949, "longitude": 91.8687},
    {"code": "SYL02", "name": "Habiganj", "native_name": "হবিগঞ্জ", "division": "SYL", "shipping_zone": "suburban", "latitude": 24.3745, "longitude": 91.4155},
    {"code": "SYL03", "name": "Moulvibazar", "native_name": "মৌলভীবাজার", "division": "SYL", "shipping_zone": "suburban", "latitude": 24.4829, "longitude": 91.7774},
    {"code": "SYL04", "name": "Sunamganj", "native_name": "সুনামগঞ্জ", "division": "SYL", "shipping_zone": "rural", "latitude": 25.0658, "longitude": 91.3950},
    
    {"code": "RAN01", "name": "Rangpur", "native_name": "রংপুর", "division": "RAN", "shipping_zone": "metro", "latitude": 25.7439, "longitude": 89.2752},
    {"code": "RAN02", "name": "Dinajpur", "native_name": "দিনাজপুর", "division": "RAN", "shipping_zone": "suburban", "latitude": 25.6279, "longitude": 88.6332},
    {"code": "RAN03", "name": "Gaibandha", "native_name": "গাইবান্ধা", "division": "RAN", "shipping_zone": "suburban", "latitude": 25.3288, "longitude": 89.5280},
    {"code": "RAN04", "name": "Kurigram", "native_name": "কুড়িগ্রাম", "division": "RAN", "shipping_zone": "rural", "latitude": 25.8072, "longitude": 89.6297},
    {"code": "RAN05", "name": "Lalmonirhat", "native_name": "লালমনিরহাট", "division": "RAN", "shipping_zone": "rural", "latitude": 25.9165, "longitude": 89.4428},
    {"code": "RAN06", "name": "Nilphamari", "native_name": "নীলফামারী", "division": "RAN", "shipping_zone": "suburban", "latitude": 25.9316, "longitude": 88.8560},
    {"code": "RAN07", "name": "Panchagarh", "native_name": "পঞ্চগড়", "division": "RAN", "shipping_zone": "rural", "latitude": 26.3411, "longitude": 88.5541},
    {"code": "RAN08", "name": "Thakurgaon", "native_name": "ঠাকুরগাঁও", "division": "RAN", "shipping_zone": "suburban", "latitude": 26.0336, "longitude": 88.4616},
    
    {"code": "MYM01", "name": "Mymensingh", "native_name": "ময়মনসিংহ", "division": "MYM", "shipping_zone": "metro", "latitude": 24.7471, "longitude": 90.4203},
    {"code": "MYM02", "name": "Jamalpur", "native_name": "জামালপুর", "division": "MYM", "shipping_zone": "suburban", "latitude": 24.9375, "longitude": 89.9378},
    {"code": "MYM03", "name": "Netrokona", "native_name": "নেত্রকোণা", "division": "MYM", "shipping_zone": "suburban", "latitude": 24.8803, "longitude": 90.7278},
    {"code": "MYM04", "name": "Sherpur", "native_name": "শেরপুর", "division": "MYM", "shipping_zone": "rural", "latitude": 25.0204, "longitude": 90.0152}
  ]
}
